{
  "title": "RP9 Tenants",
  "panels": [
    {
      "type": "graph",
      "title": "Queue Wait p95",
      "targets": [
        {
          "expr": "rp9_tenant_queue_wait_p95_seconds"
        }
      ]
    },
    {
      "type": "graph",
      "title": "CPU %",
      "targets": [
        {
          "expr": "rp9_tenant_cpu_percent"
        }
      ]
    },
    {
      "type": "graph",
      "title": "Mem Bytes",
      "targets": [
        {
          "expr": "rp9_tenant_mem_bytes"
        }
      ]
    },
    {
      "type": "graph",
      "title": "Exec/min",
      "targets": [
        {
          "expr": "rp9_tenant_executions_min"
        }
      ]
    }
  ]
}