{
  "name": "CC‑001 CSAT 3CX → HubSpot → WhatsApp",
  "active": false,
  "nodes": [
    {
      "id": "1",
      "name": "Manual Trigger",
      "type": "n8n-nodes-base.manualTrigger",
      "typeVersion": 1,
      "position": [
        0,
        0
      ],
      "parameters": {}
    },
    {
      "id": "2",
      "name": "HTTP Request",
      "type": "n8n-nodes-base.httpRequest",
      "typeVersion": 4,
      "position": [
        280,
        0
      ],
      "parameters": {
        "url": "https://httpbin.org/get",
        "method": "GET"
      }
    }
  ],
  "connections": {
    "Manual Trigger": {
      "main": [
        [
          {
            "node": "HTTP Request",
            "type": "main",
            "index": 0
          }
        ]
      ]
    }
  },
  "settings": {
    "saveDataErrorExecution": "all"
  }
}