{
  "name": "CC-001 \u2014 3CX \u2192 HubSpot + CSAT WA",
  "active": false,
  "nodes": [
    {
      "id": "1",
      "name": "Webhook",
      "type": "n8n-nodes-base.webhook",
      "typeVersion": 1,
      "position": [
        0,
        0
      ],
      "parameters": {
        "path": "cc-001",
        "httpMethod": "POST"
      }
    },
    {
      "id": "2",
      "name": "Create Ticket (HubSpot)",
      "type": "n8n-nodes-base.httpRequest",
      "typeVersion": 4,
      "position": [
        280,
        0
      ],
      "parameters": {
        "url": "https://api.hubapi.com/...",
        "method": "POST"
      }
    },
    {
      "id": "3",
      "name": "Send CSAT (WhatsApp)",
      "type": "n8n-nodes-base.httpRequest",
      "typeVersion": 4,
      "position": [
        560,
        0
      ],
      "parameters": {
        "url": "https://graph.facebook.com/v19.0/...",
        "method": "POST"
      }
    }
  ],
  "connections": {
    "Webhook": {
      "main": [
        [
          {
            "node": "Create Ticket (HubSpot)",
            "type": "main",
            "index": 0
          }
        ]
      ]
    },
    "Create Ticket (HubSpot)": {
      "main": [
        [
          {
            "node": "Send CSAT (WhatsApp)",
            "type": "main",
            "index": 0
          }
        ]
      ]
    }
  },
  "settings": {
    "saveDataErrorExecution": "all"
  }
}