{
  "dashboard": {
    "title": "RP9 \u2013 Tenants Overview",
    "panels": [
      {
        "type": "graph",
        "title": "Executions per minute",
        "targets": [
          {
            "expr": "sum(rate(n8n_executions_total[5m]))"
          }
        ]
      },
      {
        "type": "graph",
        "title": "Queue wait p95 (ms)",
        "targets": [
          {
            "expr": "histogram_quantile(0.95, sum(rate(n8n_queue_wait_bucket[5m])) by (le))"
          }
        ]
      },
      {
        "type": "graph",
        "title": "CPU per tenant",
        "targets": [
          {
            "expr": "sum(rate(container_cpu_usage_seconds_total{name=~\"rp9_n8n_.*\"}[5m])) by (name) * 100"
          }
        ]
      },
      {
        "type": "graph",
        "title": "Memory per tenant (MB)",
        "targets": [
          {
            "expr": "sum(container_memory_usage_bytes{name=~\"rp9_n8n_.*\"}) by (name) / 1024 / 1024"
          }
        ]
      }
    ],
    "schemaVersion": 39
  }
}