{
  "phase": "0",
  "title": "Discovery & Monetization Baseline",
  "updated_at": "2025-08-10T16:25:58.429109Z",
  "assumptions": {
    "stack": [
      "GitHub",
      "Netlify",
      "Supabase",
      "Stripe",
      "n8n (Railway)"
    ],
    "brand": "RP9",
    "editor_strategy": "Portal propio + opción de n8n Embed (futuro)",
    "multi_tenancy": "Híbrido (compartido con Projects + promoción a dedicado para Enterprise)"
  },
  "qna": [
    {
      "id": 1,
      "question": "Segmento inicial y packaging",
      "choice": "A con C como upsell Enterprise"
    },
    {
      "id": 2,
      "question": "Onboarding",
      "choice": "A"
    },
    {
      "id": 3,
      "question": "Planes fijos vs. por uso",
      "choice": "B"
    },
    {
      "id": 4,
      "question": "Checkout",
      "choice": "B"
    },
    {
      "id": 5,
      "question": "Métrica de valor mostrada",
      "choice": "C"
    },
    {
      "id": 6,
      "question": "Catálogo de plantillas inicial",
      "choice": "C"
    },
    {
      "id": 7,
      "question": "Go‑to‑market motion",
      "choice": "B para B2B serio + A en self‑serve"
    },
    {
      "id": 8,
      "question": "Garantía/compromiso",
      "choice": "C"
    },
    {
      "id": 9,
      "question": "Asistencia humana",
      "choice": "C"
    },
    {
      "id": 10,
      "question": "Add‑ons iniciales",
      "choice": "A + B + C (catálogo corto, 3–5)"
    },
    {
      "id": 11,
      "question": "Marca pública",
      "choice": "A (B2B serio)"
    },
    {
      "id": 12,
      "question": "Billing engine",
      "choice": "B ahora (rápido), explorar C más adelante"
    },
    {
      "id": 13,
      "question": "Modelo de cobro mixto",
      "choice": "C (flex SMB, predecible Enterprise)"
    },
    {
      "id": 14,
      "question": "Descuentos",
      "choice": "A + B (margen sano, marketing real)"
    },
    {
      "id": 15,
      "question": "Límites / corte de servicio",
      "choice": "A + C (no romper prod y maximizar ARPU)"
    },
    {
      "id": 16,
      "question": "Facturación en UI",
      "choice": "B ahora; C luego cuando catálogo crezca"
    },
    {
      "id": 17,
      "question": "Anclaje de valor en pricing",
      "choice": "C"
    },
    {
      "id": 18,
      "question": "Listado de precios públicos",
      "choice": "C (con mínimos), B como guía"
    },
    {
      "id": 19,
      "question": "Recuperación de pagos (dunning)",
      "choice": "B (recupera más sin fricción)"
    },
    {
      "id": 20,
      "question": "Cláusulas Enterprise",
      "choice": "B; precio fijo durante término del contrato"
    }
  ]
}