id,question,choice
1,Segmento inicial y packaging,A con C como upsell Enterprise
2,Onboarding,A
3,Planes fijos vs. por uso,B
4,Checkout,B
5,Métrica de valor mostrada,C
6,Catálogo de plantillas inicial,C
7,Go‑to‑market motion,B para B2B serio + A en self‑serve
8,Garantía/compromiso,C
9,Asistencia humana,C
10,Add‑ons iniciales,A + B + C (catálogo corto, 3–5)
11,Marca pública,A (B2B serio)
12,Billing engine,B ahora (rápido), explorar C más adelante
13,Modelo de cobro mixto,C (flex SMB, predecible Enterprise)
14,Descuentos,A + B (margen sano, marketing real)
15,Límites / corte de servicio,A + C (no romper prod y maximizar ARPU)
16,Facturación en UI,B ahora; C luego cuando catálogo crezca
17,Anclaje de valor en pricing,C
18,Listado de precios públicos,C (con mínimos), B como guía
19,Recuperación de pagos (dunning),B (recupera más sin fricción)
20,Cláusulas Enterprise,B; precio fijo durante término del contrato