{
  "MX:starter:monthly": {
    "currency": "MXN",
    "psychological_price": 1999,
    "stripe_price_id": "price_mx_starter_monthly"
  },
  "MX:pro:monthly": {
    "currency": "MXN",
    "psychological_price": 3999,
    "stripe_price_id": "price_mx_pro_monthly"
  },
  "CO:starter:monthly": {
    "currency": "COP",
    "psychological_price": 399000,
    "stripe_price_id": "price_co_starter_monthly"
  },
  "CO:pro:monthly": {
    "currency": "COP",
    "psychological_price": 799000,
    "stripe_price_id": "price_co_pro_monthly"
  },
  "AR:starter:monthly": {
    "currency": "ARS",
    "psychological_price": 29999,
    "stripe_price_id": "price_ar_starter_monthly"
  }
}