{
  "MX": {
    "starter": {
      "monthly": "price_mx_st_m",
      "yearly": "price_mx_st_y"
    },
    "pro": {
      "monthly": "price_mx_pr_m",
      "yearly": "price_mx_pr_y"
    }
  },
  "CO": {
    "starter": {
      "monthly": "price_co_st_m",
      "yearly": "price_co_st_y"
    },
    "pro": {
      "monthly": "price_co_pr_m",
      "yearly": "price_co_pr_y"
    }
  },
  "DO": {
    "starter": {
      "monthly": "price_do_st_m",
      "yearly": "price_do_st_y"
    },
    "pro": {
      "monthly": "price_do_pr_m",
      "yearly": "price_do_pr_y"
    }
  }
}